<NotepadPlus>
<AutoComplete language="Cisco IOS">
<Environment ignoreCase="yes"/>
<KeyWord name="aaa"/>
<KeyWord name="aaa_server"/>
<KeyWord name="Access"/>
<KeyWord name="access-class"/>
<KeyWord name="access-group"/>
<KeyWord name="access-list"/>
<KeyWord name="access-log"/>
<KeyWord name="accounting"/>
<KeyWord name="acct-port"/>
<KeyWord name="ack"/>
<KeyWord name="action"/>
<KeyWord name="activate"/>
<KeyWord name="active"/>
<KeyWord name="add"/>
<KeyWord name="addon"/>
<KeyWord name="address"/>
<KeyWord name="address-family"/>
<KeyWord name="admission"/>
<KeyWord name="advertise-v2"/>
<KeyWord name="aes-ccm"/>
<KeyWord name="age"/>
<KeyWord name="ageing"/>
<KeyWord name="ahp"/>
<KeyWord name="algorithm"/>
<KeyWord name="algorithm-type"/>
<KeyWord name="all"/>
<KeyWord name="allocation"/>
<KeyWord name="allow"/>
<KeyWord name="allow-hint"/>
<KeyWord name="allowed"/>
<KeyWord name="alternate-address"/>
<KeyWord name="any"/>
<KeyWord name="ap"/>
<KeyWord name="arp"/>
<KeyWord name="ascending"/>
<KeyWord name="attach-policy"/>
<KeyWord name="auth"/>
<KeyWord name="auth-port"/>
<KeyWord name="auth-proxy"/>
<KeyWord name="authenticate"/>
<KeyWord name="authenticate-fail"/>
<KeyWord name="authentication"/>
<KeyWord name="authentication-key"/>
<KeyWord name="authentication-server"/>
<KeyWord name="authorization"/>
<KeyWord name="auto"/>
<KeyWord name="auto-copy"/>
<KeyWord name="auto-summary"/>
<KeyWord name="auto-sync"/>
<KeyWord name="auto-upgrade"/>
<KeyWord name="automatic"/>
<KeyWord name="autostate"/>
<KeyWord name="aux"/>
<KeyWord name="banner"/>
<KeyWord name="basic-"/>
<KeyWord name="begin"/>
<KeyWord name="bgp"/>
<KeyWord name="binding"/>
<KeyWord name="block-unknown-source"/>
<KeyWord name="boot"/>
<KeyWord name="boot-end-marker"/>
<KeyWord name="boot-start-marker"/>
<KeyWord name="bootpc"/>
<KeyWord name="bootps"/>
<KeyWord name="bootup"/>
<KeyWord name="both"/>
<KeyWord name="bpdu"/>
<KeyWord name="bpdufilter"/>
<KeyWord name="bpduguard"/>
<KeyWord name="bridge"/>
<KeyWord name="bridge-group"/>
<KeyWord name="brief"/>
<KeyWord name="broadcast"/>
<KeyWord name="broadcast-key"/>
<KeyWord name="buffered"/>
<KeyWord name="bus"/>
<KeyWord name="BVI"/>
<KeyWord name="cache"/>
<KeyWord name="capability-change"/>
<KeyWord name="cause"/>
<KeyWord name="cck"/>
<KeyWord name="cdp"/>
<KeyWord name="cef"/>
<KeyWord name="certificate"/>
<KeyWord name="chain"/>
<KeyWord name="change"/>
<KeyWord name="channel"/>
<KeyWord name="channel-group"/>
<KeyWord name="channel-misconfig"/>
<KeyWord name="channel-protocol"/>
<KeyWord name="chassis-id"/>
<KeyWord name="ciphers"/>
<KeyWord name="class"/>
<KeyWord name="class-map"/>
<KeyWord name="classless"/>
<KeyWord name="clean"/>
<KeyWord name="clear"/>
<KeyWord name="client"/>
<KeyWord name="client-id"/>
<KeyWord name="client-identifier"/>
<KeyWord name="clock"/>
<KeyWord name="coldstart"/>
<KeyWord name="commit"/>
<KeyWord name="common"/>
<KeyWord name="community"/>
<KeyWord name="complete"/>
<KeyWord name="compress-config"/>
<KeyWord name="config"/>
<KeyWord name="config-copy"/>
<KeyWord name="configure"/>
<KeyWord name="conflict"/>
<KeyWord name="conform-action"/>
<KeyWord name="connected"/>
<KeyWord name="connection"/>
<KeyWord name="console"/>
<KeyWord name="contact"/>
<KeyWord name="control-plane"/>
<KeyWord name="conversion-error"/>
<KeyWord name="copy"/>
<KeyWord name="cor"/>
<KeyWord name="counters"/>
<KeyWord name="country"/>
<KeyWord name="cpu"/>
<KeyWord name="crashinfo"/>
<KeyWord name="crypto"/>
<KeyWord name="cs4"/>
<KeyWord name="custom"/>
<KeyWord name="datagram-conversion-error"/>
<KeyWord name="datetime"/>
<KeyWord name="dead-criteria"/>
<KeyWord name="deauthenticate"/>
<KeyWord name="debug"/>
<KeyWord name="debugging"/>
<KeyWord name="default"/>
<KeyWord name="default-gateway"/>
<KeyWord name="default-router"/>
<KeyWord name="delete"/>
<KeyWord name="deny"/>
<KeyWord name="description"/>
<KeyWord name="desirable"/>
<KeyWord name="destination"/>
<KeyWord name="detail"/>
<KeyWord name="device"/>
<KeyWord name="device-tracking"/>
<KeyWord name="dhcp"/>
<KeyWord name="diagnostic"/>
<KeyWord name="dial-peer"/>
<KeyWord name="dir"/>
<KeyWord name="disassociate"/>
<KeyWord name="dns-server"/>
<KeyWord name="domain"/>
<KeyWord name="domain-lookup"/>
<KeyWord name="domain-name"/>
<KeyWord name="domain-name-reply"/>
<KeyWord name="domain-name-request"/>
<KeyWord name="dot11"/>
<KeyWord name="dot11-qos"/>
<KeyWord name="dot11d"/>
<KeyWord name="Dot11Radio"/>
<KeyWord name="dot1Q"/>
<KeyWord name="dot1x"/>
<KeyWord name="down"/>
<KeyWord name="drop"/>
<KeyWord name="dscp"/>
<KeyWord name="dynamic"/>
<KeyWord name="eap"/>
<KeyWord name="echo"/>
<KeyWord name="echo-reply"/>
<KeyWord name="edge"/>
<KeyWord name="eigrp"/>
<KeyWord name="enable"/>
<KeyWord name="enabled"/>
<KeyWord name="encapsulation"/>
<KeyWord name="encryption"/>
<KeyWord name="end"/>
<KeyWord name="enrollment"/>
<KeyWord name="entity"/>
<KeyWord name="entries"/>
<KeyWord name="eq"/>
<KeyWord name="erase"/>
<KeyWord name="errdisable"/>
<KeyWord name="error"/>
<KeyWord name="esp"/>
<KeyWord name="established"/>
<KeyWord name="etherchannel"/>
<KeyWord name="Ethernet"/>
<KeyWord name="evaluate"/>
<KeyWord name="exceed-action"/>
<KeyWord name="exception"/>
<KeyWord name="exclude"/>
<KeyWord name="excluded-address"/>
<KeyWord name="exec"/>
<KeyWord name="exec-time"/>
<KeyWord name="exec-timeout"/>
<KeyWord name="exit"/>
<KeyWord name="exit-address-family"/>
<KeyWord name="expired"/>
<KeyWord name="extend"/>
<KeyWord name="extendable"/>
<KeyWord name="extended"/>
<KeyWord name="failure"/>
<KeyWord name="fallback"/>
<KeyWord name="FastEthernet"/>
<KeyWord name="file"/>
<KeyWord name="fin"/>
<KeyWord name="finrst-timeout"/>
<KeyWord name="flash"/>
<KeyWord name="flow"/>
<KeyWord name="flow-aggregation"/>
<KeyWord name="flow-export"/>
<KeyWord name="flowcontrol"/>
<KeyWord name="FortyGigabitEthernet"/>
<KeyWord name="forward-protocol"/>
<KeyWord name="fragments"/>
<KeyWord name="ftp"/>
<KeyWord name="ftp-data"/>
<KeyWord name="full"/>
<KeyWord name="gbic-invalid"/>
<KeyWord name="general-keys"/>
<KeyWord name="general-prefix"/>
<KeyWord name="generate"/>
<KeyWord name="GigabitEthernet"/>
<KeyWord name="gopher"/>
<KeyWord name="gre"/>
<KeyWord name="group"/>
<KeyWord name="gt"/>
<KeyWord name="guard"/>
<KeyWord name="Guest"/>
<KeyWord name="guest-mode"/>
<KeyWord name="h-node"/>
<KeyWord name="help-path"/>
<KeyWord name="helper-address"/>
<KeyWord name="host"/>
<KeyWord name="hostname"/>
<KeyWord name="http"/>
<KeyWord name="HundredGigE"/>
<KeyWord name="icmp"/>
<KeyWord name="icmpv6"/>
<KeyWord name="ident"/>
<KeyWord name="if-authenticated"/>
<KeyWord name="igmp"/>
<KeyWord name="ignore"/>
<KeyWord name="imap"/>
<KeyWord name="in"/>
<KeyWord name="inactive"/>
<KeyWord name="inactivity"/>
<KeyWord name="include"/>
<KeyWord name="included"/>
<KeyWord name="indoor"/>
<KeyWord name="infrastructure"/>
<KeyWord name="ingress"/>
<KeyWord name="input"/>
<KeyWord name="insertion"/>
<KeyWord name="inside"/>
<KeyWord name="inspection"/>
<KeyWord name="install"/>
<KeyWord name="int"/>
<KeyWord name="interface"/>
<KeyWord name="interval"/>
<KeyWord name="ip"/>
<KeyWord name="IP-Address"/>
<KeyWord name="IPDT_POLICY"/>
<KeyWord name="ipinip"/>
<KeyWord name="ipsec"/>
<KeyWord name="ipv4"/>
<KeyWord name="ipv6"/>
<KeyWord name="ipv6-i-am-here"/>
<KeyWord name="ipv6-where-are-you"/>
<KeyWord name="irb"/>
<KeyWord name="isakmp"/>
<KeyWord name="iso"/>
<KeyWord name="key"/>
<KeyWord name="key-management"/>
<KeyWord name="label"/>
<KeyWord name="lacp"/>
<KeyWord name="lease"/>
<KeyWord name="level"/>
<KeyWord name="license"/>
<KeyWord name="limit"/>
<KeyWord name="line"/>
<KeyWord name="link"/>
<KeyWord name="link-local"/>
<KeyWord name="linkdown"/>
<KeyWord name="linkup"/>
<KeyWord name="list"/>
<KeyWord name="lldp"/>
<KeyWord name="local"/>
<KeyWord name="localtime"/>
<KeyWord name="location"/>
<KeyWord name="log"/>
<KeyWord name="log-input"/>
<KeyWord name="logging"/>
<KeyWord name="login"/>
<KeyWord name="lookup"/>
<KeyWord name="Loopback"/>
<KeyWord name="lt"/>
<KeyWord name="mac-address"/>
<KeyWord name="main-cpu"/>
<KeyWord name="managed-config-flag"/>
<KeyWord name="mask-reply"/>
<KeyWord name="mask-request"/>
<KeyWord name="match"/>
<KeyWord name="max"/>
<KeyWord name="max-fail"/>
<KeyWord name="maximum"/>
<KeyWord name="mbssid"/>
<KeyWord name="md5"/>
<KeyWord name="membership-termination"/>
<KeyWord name="Method"/>
<KeyWord name="mgmt"/>
<KeyWord name="min-length"/>
<KeyWord name="minimal"/>
<KeyWord name="misconfig"/>
<KeyWord name="missing"/>
<KeyWord name="mls"/>
<KeyWord name="mode"/>
<KeyWord name="modulus"/>
<KeyWord name="motd"/>
<KeyWord name="mpls"/>
<KeyWord name="msec"/>
<KeyWord name="mtu"/>
<KeyWord name="name"/>
<KeyWord name="nat"/>
<KeyWord name="nat-transparency"/>
<KeyWord name="native"/>
<KeyWord name="nd"/>
<KeyWord name="nde-address"/>
<KeyWord name="negotiation"/>
<KeyWord name="neighbor"/>
<KeyWord name="neighbors"/>
<KeyWord name="neq"/>
<KeyWord name="netbios-dgm"/>
<KeyWord name="netbios-name-server"/>
<KeyWord name="netbios-node-type"/>
<KeyWord name="netbios-ns"/>
<KeyWord name="netflow"/>
<KeyWord name="network"/>
<KeyWord name="new-model"/>
<KeyWord name="newinfo"/>
<KeyWord name="next-hop"/>
<KeyWord name="nntp"/>
<KeyWord name="no"/>
<KeyWord name="no-autoconfig"/>
<KeyWord name="none"/>
<KeyWord name="nonegotiate"/>
<KeyWord name="nos"/>
<KeyWord name="ntp"/>
<KeyWord name="object"/>
<KeyWord name="object-group"/>
<KeyWord name="ofdm"/>
<KeyWord name="off"/>
<KeyWord name="OK?"/>
<KeyWord name="on"/>
<KeyWord name="on-failure"/>
<KeyWord name="on-success"/>
<KeyWord name="open"/>
<KeyWord name="optimize"/>
<KeyWord name="option"/>
<KeyWord name="optional"/>
<KeyWord name="ospf"/>
<KeyWord name="other-config-flag"/>
<KeyWord name="out"/>
<KeyWord name="outside"/>
<KeyWord name="packet"/>
<KeyWord name="packet-length"/>
<KeyWord name="pad"/>
<KeyWord name="page"/>
<KeyWord name="pagp"/>
<KeyWord name="parameter-problem"/>
<KeyWord name="password"/>
<KeyWord name="password-encryption"/>
<KeyWord name="passwords"/>
<KeyWord name="pcp"/>
<KeyWord name="permit"/>
<KeyWord name="photuris"/>
<KeyWord name="pim"/>
<KeyWord name="ping"/>
<KeyWord name="pki"/>
<KeyWord name="police"/>
<KeyWord name="policy"/>
<KeyWord name="policy-map"/>
<KeyWord name="pool"/>
<KeyWord name="pop3"/>
<KeyWord name="port-channel"/>
<KeyWord name="port-security"/>
<KeyWord name="portfast"/>
<KeyWord name="power"/>
<KeyWord name="precedence"/>
<KeyWord name="preempt"/>
<KeyWord name="prefer"/>
<KeyWord name="prefix"/>
<KeyWord name="primary"/>
<KeyWord name="priority"/>
<KeyWord name="privilege"/>
<KeyWord name="process"/>
<KeyWord name="protected"/>
<KeyWord name="Protocol"/>
<KeyWord name="provision"/>
<KeyWord name="proxy"/>
<KeyWord name="proxy-arp"/>
<KeyWord name="psecure-violation"/>
<KeyWord name="psh"/>
<KeyWord name="PT"/>
<KeyWord name="pvst"/>
<KeyWord name="qos"/>
<KeyWord name="ra"/>
<KeyWord name="radius"/>
<KeyWord name="radius-server"/>
<KeyWord name="range"/>
<KeyWord name="rapid-pvst"/>
<KeyWord name="ratelimit"/>
<KeyWord name="reauth-period"/>
<KeyWord name="receive"/>
<KeyWord name="recovery"/>
<KeyWord name="recurring"/>
<KeyWord name="redirect"/>
<KeyWord name="redirects"/>
<KeyWord name="redistribute"/>
<KeyWord name="redundancy"/>
<KeyWord name="reflect"/>
<KeyWord name="relay"/>
<KeyWord name="reload"/>
<KeyWord name="removal"/>
<KeyWord name="remove"/>
<KeyWord name="removed"/>
<KeyWord name="renumber"/>
<KeyWord name="request"/>
<KeyWord name="reset"/>
<KeyWord name="resource"/>
<KeyWord name="restrict"/>
<KeyWord name="revocation-check"/>
<KeyWord name="rip"/>
<KeyWord name="RO"/>
<KeyWord name="rogue-ap"/>
<KeyWord name="root"/>
<KeyWord name="route"/>
<KeyWord name="route-cache"/>
<KeyWord name="route-map"/>
<KeyWord name="route-target"/>
<KeyWord name="router"/>
<KeyWord name="router-advertisement"/>
<KeyWord name="router-id"/>
<KeyWord name="router-solicitation"/>
<KeyWord name="routing"/>
<KeyWord name="rp"/>
<KeyWord name="rsa"/>
<KeyWord name="rsakeypair"/>
<KeyWord name="rst"/>
<KeyWord name="rts"/>
<KeyWord name="run"/>
<KeyWord name="running-config"/>
<KeyWord name="RW"/>
<KeyWord name="scp"/>
<KeyWord name="scrypt"/>
<KeyWord name="sctp"/>
<KeyWord name="secondary"/>
<KeyWord name="secret"/>
<KeyWord name="section"/>
<KeyWord name="secure-server"/>
<KeyWord name="security"/>
<KeyWord name="self-signed"/>
<KeyWord name="selfsigned"/>
<KeyWord name="send"/>
<KeyWord name="send-community"/>
<KeyWord name="sequence"/>
<KeyWord name="sequence-interval"/>
<KeyWord name="sequence-number"/>
<KeyWord name="server"/>
<KeyWord name="service"/>
<KeyWord name="service-policy"/>
<KeyWord name="Service-Type"/>
<KeyWord name="session-id"/>
<KeyWord name="session-timeout"/>
<KeyWord name="set"/>
<KeyWord name="sha256"/>
<KeyWord name="show"/>
<KeyWord name="shutdown"/>
<KeyWord name="smart"/>
<KeyWord name="smtp"/>
<KeyWord name="snmp"/>
<KeyWord name="snmp-server"/>
<KeyWord name="snmptrap"/>
<KeyWord name="snooping"/>
<KeyWord name="sntp"/>
<KeyWord name="software"/>
<KeyWord name="sonet"/>
<KeyWord name="source"/>
<KeyWord name="source-interface"/>
<KeyWord name="source-learning"/>
<KeyWord name="source-quench"/>
<KeyWord name="spanning-disabled"/>
<KeyWord name="spanning-tree"/>
<KeyWord name="speed"/>
<KeyWord name="ssh"/>
<KeyWord name="ssid"/>
<KeyWord name="sso"/>
<KeyWord name="stackwise-virtual"/>
<KeyWord name="standard"/>
<KeyWord name="standby"/>
<KeyWord name="start-stop"/>
<KeyWord name="startup-config"/>
<KeyWord name="startupconfig"/>
<KeyWord name="static"/>
<KeyWord name="station-role"/>
<KeyWord name="Status"/>
<KeyWord name="sticky"/>
<KeyWord name="stop-record"/>
<KeyWord name="stopbits"/>
<KeyWord name="storm-control"/>
<KeyWord name="subject-name"/>
<KeyWord name="subnet-zero"/>
<KeyWord name="subscriber-loop-control"/>
<KeyWord name="success"/>
<KeyWord name="summary"/>
<KeyWord name="summary-address"/>
<KeyWord name="summer-time"/>
<KeyWord name="switch"/>
<KeyWord name="switch-over"/>
<KeyWord name="switchport"/>
<KeyWord name="syn"/>
<KeyWord name="sync"/>
<KeyWord name="synchronous"/>
<KeyWord name="syslog"/>
<KeyWord name="system"/>
<KeyWord name="system-shutdown"/>
<KeyWord name="tacacs"/>
<KeyWord name="tacacs+"/>
<KeyWord name="tacacs-server"/>
<KeyWord name="tcp"/>
<KeyWord name="tcp-timeout"/>
<KeyWord name="telnet"/>
<KeyWord name="TenGigabitEthernet"/>
<KeyWord name="terminal"/>
<KeyWord name="tftp"/>
<KeyWord name="theft"/>
<KeyWord name="threshold"/>
<KeyWord name="time"/>
<KeyWord name="time-exceeded"/>
<KeyWord name="time-range"/>
<KeyWord name="timeout"/>
<KeyWord name="timestamp-reply"/>
<KeyWord name="timestamp-request"/>
<KeyWord name="timestamps"/>
<KeyWord name="timezone"/>
<KeyWord name="tkip"/>
<KeyWord name="tos"/>
<KeyWord name="traceroute"/>
<KeyWord name="tracking"/>
<KeyWord name="traffic-filter"/>
<KeyWord name="translation"/>
<KeyWord name="translations"/>
<KeyWord name="transmit"/>
<KeyWord name="transparent"/>
<KeyWord name="transport"/>
<KeyWord name="trap"/>
<KeyWord name="traps"/>
<KeyWord name="tries"/>
<KeyWord name="trunk"/>
<KeyWord name="trust"/>
<KeyWord name="trusted-key"/>
<KeyWord name="trustpoint"/>
<KeyWord name="ttl"/>
<KeyWord name="tty"/>
<KeyWord name="TwentyFiveGigE"/>
<KeyWord name="type"/>
<KeyWord name="udld"/>
<KeyWord name="udp"/>
<KeyWord name="udp-encaps"/>
<KeyWord name="udp-port"/>
<KeyWord name="unassigned"/>
<KeyWord name="unicast-flooding"/>
<KeyWord name="unicast-routing"/>
<KeyWord name="unreachable"/>
<KeyWord name="unreachables"/>
<KeyWord name="unset"/>
<KeyWord name="up"/>
<KeyWord name="update"/>
<KeyWord name="update-calendar"/>
<KeyWord name="update-source"/>
<KeyWord name="upgrade"/>
<KeyWord name="uptime"/>
<KeyWord name="usage"/>
<KeyWord name="username"/>
<KeyWord name="v3"/>
<KeyWord name="validate"/>
<KeyWord name="verify"/>
<KeyWord name="version"/>
<KeyWord name="view"/>
<KeyWord name="violation"/>
<KeyWord name="Vlan"/>
<KeyWord name="voice"/>
<KeyWord name="vrf"/>
<KeyWord name="vsa"/>
<KeyWord name="vtp"/>
<KeyWord name="vty"/>
<KeyWord name="warmstart"/>
<KeyWord name="wds"/>
<KeyWord name="wep"/>
<KeyWord name="wep128"/>
<KeyWord name="wildcard"/>
<KeyWord name="window-size"/>
<KeyWord name="wlan-wep"/>
<KeyWord name="wlccp"/>
<KeyWord name="wnm"/>
<KeyWord name="world-mode"/>
<KeyWord name="wpa"/>
<KeyWord name="wr"/>
<KeyWord name="write"/>
<KeyWord name="www"/>
<KeyWord name="YES"/>
<KeyWord name="zeroize"/>
</AutoComplete>
</NotepadPlus>